# x_1,x_2,Class_label
-7.32506434e+01,-4.69456391e+02,1
-6.91604986e-01,-5.22399899e+02,0
-6.85025402e+00,-4.65669876e+02,0
-7.97794933e+01,-4.83780051e+02,1
-7.56875496e+01,-5.57271125e+02,1
6.85731104e+00,-5.41242626e+02,0
-7.51811952e+01,-4.49350302e+02,1
-8.31766483e+01,-5.05174700e+02,1
-6.08644446e+00,-5.93117862e+02,0
1.03150888e+01,-5.03636245e+02,0
4.52755960e+00,-4.15420753e+02,0
-1.57063810e+01,-5.90942742e+02,0
-8.28327415e+01,-4.83608889e+02,1
-8.26812873e+01,-5.79201682e+02,1
3.51465142e+00,-4.49308998e+02,0
-7.57165194e+01,-5.05925383e+02,1
-2.09483163e+00,-4.59847881e+02,0
-6.94467119e+01,-4.73167034e+02,1
-2.01253921e+00,-4.73817401e+02,0
-1.61220205e+01,-6.52809561e+02,0
3.88083675e+00,-4.57050457e+02,0
-8.77987901e+01,-6.66421414e+02,1
-7.11770382e+01,-4.88724596e+02,1
-7.50748717e+01,-4.77809849e+02,1
-7.14071326e-01,-4.64206839e+02,0
6.48937730e-01,-5.04979892e+02,0
-8.21992649e+01,-5.66520153e+02,1
-7.92705028e+01,-5.12163837e+02,1
-6.79287597e+01,-4.35834841e+02,1
-9.03837378e+01,-7.29138844e+02,1
-7.48496815e+01,-5.44816965e+02,1
2.55794720e-01,-5.45344720e+02,0
7.54744869e+00,-4.20435730e+02,0
-8.80450447e+01,-5.46611289e+02,1
-7.62953602e+00,-5.15169042e+02,0
-7.11415533e+01,-4.04433556e+02,1
-8.67039235e+01,-5.91996457e+02,1
-5.31523075e+00,-5.48551366e+02,0
3.62516906e+00,-4.41963063e+02,0
-4.72297678e+00,-4.78017551e+02,0
-7.71330210e+01,-4.20686326e+02,1
-1.51623797e+00,-4.77864592e+02,0
7.29726394e+00,-3.85938624e+02,0
-1.11839691e+00,-4.88170904e+02,0
-7.05319107e-01,-4.83747877e+02,0
-1.40097099e+00,-4.71490343e+02,0
-8.16606231e+01,-5.57418752e+02,1
4.67727436e+00,-5.02074858e+02,0
-8.17257223e+00,-5.01607735e+02,0
2.21134365e+00,-4.78856632e+02,0
-7.62903339e+01,-5.12112760e+02,1
4.41208607e+00,-4.61230560e+02,0
-8.12185616e+00,-5.45882556e+02,0
-6.61299402e+01,-3.25195022e+02,1
1.01233491e+01,-4.40627655e+02,0
-6.82225573e-01,-5.58175268e+02,0
7.19125806e+00,-4.53390154e+02,0
1.50205002e+00,-4.66480898e+02,0
3.56320111e+00,-5.37897592e+02,0
-9.12474388e+01,-6.61618374e+02,1
-8.12338983e+01,-5.18189053e+02,1
-6.21315284e+00,-4.33263096e+02,0
-7.34368809e+01,-4.19101341e+02,1
1.43606316e+01,-4.51987271e+02,0
-6.73704867e+01,-3.64074735e+02,1
6.14733240e+00,-5.10986665e+02,0
-7.36099330e+01,-4.20067834e+02,1
-7.41958986e+00,-5.49417830e+02,0
-8.06963985e+01,-5.64751414e+02,1
-1.03688064e+01,-5.98684038e+02,0
-8.07960688e+01,-4.79946517e+02,1
-2.73207227e+00,-5.53393821e+02,0
-6.82306368e+01,-4.35358611e+02,1
-1.07758756e+00,-4.99304039e+02,0
-8.58066568e+00,-5.15104469e+02,0
7.05990289e-01,-5.61349457e+02,0
-7.89888631e+01,-5.36853975e+02,1
-2.22353149e+00,-5.00763038e+02,0
3.29511695e-01,-4.97646705e+02,0
-7.78590894e+01,-5.76490849e+02,1
2.81472915e-01,-4.87956348e+02,0
-6.10369392e+00,-5.17664805e+02,0
-3.91496394e+00,-4.56883540e+02,0
-8.24184256e+01,-5.39164079e+02,1
1.70985017e+01,-4.19623629e+02,0
-7.67933376e+01,-4.60553580e+02,1
-7.02537935e+01,-3.88948144e+02,1
-8.14361425e+01,-5.44220100e+02,1
4.75282641e+00,-4.49041463e+02,0
5.38219698e+00,-5.01086187e+02,0
-8.62141134e+00,-4.80667439e+02,0
-8.01157034e+01,-5.78921216e+02,1
-6.94254427e+01,-4.54989827e+02,1
2.40142425e+00,-4.85022894e+02,0
-8.72928845e+01,-6.54511189e+02,1
2.47251802e+00,-4.57627197e+02,0
-5.03338905e-01,-4.68690844e+02,0
-8.81430567e+01,-6.81375263e+02,1
-6.03631540e+00,-5.65987579e+02,0
-6.56917289e+01,-3.20847199e+02,1
-1.32815293e+01,-6.04920200e+02,0
-6.84700858e+01,-4.27774036e+02,1
-8.77780965e+01,-6.05578580e+02,1
3.28377347e+00,-5.32977665e+02,0
-8.02389079e+01,-5.59582455e+02,1
2.04925435e+01,-3.62878753e+02,0
-7.65893515e+01,-3.94381304e+02,1
-7.61864134e+01,-4.18111622e+02,1
-1.21545082e+01,-5.58353806e+02,0
-1.23392045e+01,-6.58381000e+02,0
-7.27831114e+01,-3.49754281e+02,1
7.02022334e+00,-3.83138894e+02,0
-8.81238249e+01,-6.40509932e+02,1
-9.31811725e+00,-4.57403201e+02,0
2.39533126e+00,-4.80390716e+02,0
-6.99482308e+01,-4.06498642e+02,1
-7.79551454e+01,-5.49015556e+02,1
-2.13252807e+00,-5.27854538e+02,0
4.13832411e+00,-5.31038768e+02,0
-8.09769861e+01,-5.23885004e+02,1
-1.84997151e+00,-5.58449875e+02,0
-6.90897716e+01,-4.15629661e+02,1
2.89669928e+00,-4.40221791e+02,0
-4.53432318e-02,-4.49651597e+02,0
-8.57887041e+00,-5.85181099e+02,0
4.53609257e+00,-4.46760233e+02,0
9.16679323e+00,-4.16136666e+02,0
-8.27703282e+01,-6.55794505e+02,1
-6.87681370e+01,-4.11829685e+02,1
1.33064102e+01,-4.12619736e+02,0
4.90139354e-01,-5.78138449e+02,0
-7.16078665e+01,-3.70366351e+02,1
-7.82110644e+01,-4.42957528e+02,1
-7.42522491e+01,-4.58488886e+02,1
-9.24668148e+01,-6.21181868e+02,1
1.19432079e+01,-3.96868394e+02,0
-7.70410925e+01,-5.72247504e+02,1
5.88274389e+00,-4.95240608e+02,0
-7.21543387e+01,-4.58027641e+02,1
-7.51474468e+01,-4.34650632e+02,1
-7.22844625e+01,-5.22479261e+02,1
4.58803708e+00,-4.92060126e+02,0
6.36523629e+00,-4.08706356e+02,0
-8.87606703e+01,-6.00128176e+02,1
-7.00552307e+01,-4.25644787e+02,1
-8.07588760e+01,-5.55164800e+02,1
-3.15326687e+00,-5.78809871e+02,0
-6.84186108e+01,-3.56952632e+02,1
-3.72146965e+00,-5.88141129e+02,0
-9.66413610e+00,-5.53320394e+02,0
-8.69647047e+01,-5.91690884e+02,1
-8.24847383e+01,-6.27276286e+02,1
-6.71518331e+01,-3.88409548e+02,1
-8.17520783e+00,-5.49091162e+02,0
8.65774780e+00,-4.88603936e+02,0
4.34808808e+00,-4.47289649e+02,0
-7.80256177e+01,-5.13181209e+02,1
-1.26315532e+01,-5.92669380e+02,0
7.92637091e+00,-5.51160213e+02,0
1.75585074e+00,-5.19183401e+02,0
-7.63688413e+01,-4.83458640e+02,1
-1.99584300e+00,-5.19653264e+02,0
7.65475338e+00,-4.84356262e+02,0
-7.56848474e+01,-4.70640060e+02,1
-7.74611810e+01,-4.38325799e+02,1
4.21986516e+00,-5.65526295e+02,0
-2.63677835e+00,-5.60754065e+02,0
-7.79411146e+01,-5.04687970e+02,1
-8.14470538e+01,-5.61790583e+02,1
-1.53493852e+00,-5.41896265e+02,0
3.84230066e+00,-4.71889462e+02,0
1.43173554e+00,-5.31269090e+02,0
-6.78138735e+01,-5.47850108e+02,1
1.54551731e+00,-5.61820425e+02,0
-8.82810346e+00,-5.96803040e+02,0
-8.00903355e+01,-5.80303206e+02,1
-1.33143815e+01,-6.58512134e+02,0
-8.03233828e+01,-5.50448911e+02,1
7.51836758e+00,-4.01282025e+02,0
6.79327487e+00,-4.23722690e+02,0
-7.37719574e+01,-4.82421885e+02,1
-2.70369946e+00,-5.30674692e+02,0
-6.34935372e+01,-4.32889294e+02,1
-8.58689059e+01,-5.71086485e+02,1
-1.28151377e+00,-4.75588362e+02,0
1.11879955e+00,-5.25451868e+02,0
1.79576687e+01,-3.45362912e+02,0
4.01975009e-01,-5.17754386e+02,0
-8.14566124e+01,-5.47844106e+02,1
-7.08110717e+01,-3.67999291e+02,1
-7.43254785e+01,-4.87281368e+02,1
-7.26342811e+01,-3.71953760e+02,1
-7.38036309e+01,-3.71373584e+02,1
6.48085793e+00,-4.65823398e+02,0
5.47830468e+00,-4.53540200e+02,0
-7.77215987e+01,-4.77588838e+02,1
-8.18539023e+01,-6.57008491e+02,1
-6.48117085e+01,-3.53257583e+02,1
-9.97154097e+00,-5.23741143e+02,0
5.02614642e+00,-5.33658972e+02,0
4.29983591e+00,-4.67823808e+02,0
6.13869393e+00,-4.24009894e+02,0
1.02129681e+01,-4.47118928e+02,0
3.37763651e+00,-4.86750822e+02,0
-8.37463573e+01,-5.78853416e+02,1
1.12541794e+01,-4.52911475e+02,0
-1.37009359e+00,-4.93373907e+02,0
1.58477930e+01,-4.16781738e+02,0
-1.51744212e+01,-5.94493732e+02,0
5.93152896e+00,-5.12849914e+02,0
-8.26914070e+01,-6.26124239e+02,1
-2.25938554e+00,-5.31672685e+02,0
-7.90660331e+01,-4.95654850e+02,1
-7.14970517e+01,-4.10703058e+02,1
-7.78282069e+01,-5.04766285e+02,1
-7.04431932e+01,-4.68325757e+02,1
-7.82595929e+01,-6.03986310e+02,1
4.71212174e+00,-5.07052864e+02,0
9.40767548e+00,-4.52537029e+02,0
-5.37010417e+00,-5.48143286e+02,0
5.08930108e+00,-4.52932718e+02,0
1.33263309e+01,-3.51146962e+02,0
-7.98802508e+01,-5.02655651e+02,1
4.75417235e+00,-4.97315349e+02,0
-7.39623162e+01,-4.16304242e+02,1
-8.19251326e+01,-6.39090322e+02,1
6.68428506e+00,-5.28056533e+02,0
-8.27533371e+01,-5.70704619e+02,1
-6.80488378e+01,-4.56796485e+02,1
-8.28160476e+01,-5.65888551e+02,1
-9.22333944e+01,-7.23910359e+02,1
-8.43371654e+01,-5.30048531e+02,1
-6.21507050e+00,-6.45211246e+02,0
-9.19640013e-01,-5.41183675e+02,0
-5.95489863e+01,-3.36727753e+02,1
-8.60574437e+00,-5.75789093e+02,0
1.54607884e+01,-3.53243944e+02,0
6.61379615e+00,-4.90967470e+02,0
-7.79331571e+01,-4.68804752e+02,1
-5.42546787e+00,-6.38455984e+02,0
-8.13548043e+01,-5.81946065e+02,1
1.78059422e+00,-5.24780840e+02,0
-8.81506798e+01,-5.16442745e+02,1
9.87598732e+00,-4.12483926e+02,0
-7.40747971e+01,-4.54591775e+02,1
-7.25869288e+01,-4.60501372e+02,1
-7.78284745e+01,-5.03312874e+02,1
-8.72760953e+01,-5.97982927e+02,1
-7.12981018e+01,-3.69236756e+02,1
2.34868000e+00,-4.90518717e+02,0
5.68837741e+00,-4.92763037e+02,0
-1.69133367e+01,-5.88139333e+02,0
1.07252509e+01,-3.70143299e+02,0
-8.12606424e+01,-6.13057638e+02,1
-3.92859706e+00,-5.74167921e+02,0
1.47877382e+01,-4.15901575e+02,0
-7.38054895e+01,-4.67851624e+02,1
6.95290536e-01,-4.79079768e+02,0
-7.92080790e+01,-4.79363054e+02,1
-7.88273027e+01,-5.25048725e+02,1
4.28276557e-01,-5.03285615e+02,0
-8.26567997e+01,-6.06549966e+02,1
-8.57233715e+01,-6.41703573e+02,1
-6.28894381e+00,-4.78365735e+02,0
-6.32242116e+01,-3.22823956e+02,1
-6.57106820e+01,-3.41891239e+02,1
-9.25120107e-02,-5.88721601e+02,0
3.13079734e+00,-4.50192440e+02,0
-3.35869340e+00,-5.20443159e+02,0
-8.84101991e+01,-6.76966913e+02,1
5.22396585e+00,-4.43478269e+02,0
-6.15791824e-01,-5.33169006e+02,0
-7.91214957e+01,-4.70508497e+02,1
-1.23617086e+00,-5.71046409e+02,0
-7.47002069e+01,-4.83917409e+02,1
-6.05816258e+00,-5.20859096e+02,0
-8.18597886e+01,-6.42913620e+02,1
6.52714113e+00,-4.70566781e+02,0
-6.34357721e+01,-3.77668531e+02,1
-1.00432370e+01,-5.58152907e+02,0
2.17197746e+00,-4.89373316e+02,0
-8.62378997e+01,-5.75377348e+02,1
-7.02520050e+01,-3.68373464e+02,1
-7.47650696e+01,-4.84019089e+02,1
-7.83738426e+01,-5.39076047e+02,1
-7.54789115e+01,-4.29822256e+02,1
-4.16276527e+00,-6.05322519e+02,0
9.99786637e+00,-4.25120839e+02,0
-8.14028633e+01,-5.23892082e+02,1
-8.09654532e+01,-5.01906502e+02,1
-6.64392057e+01,-2.55086730e+02,1
-8.11154290e+01,-5.79260289e+02,1
-8.66540856e+01,-6.41902327e+02,1
6.39940420e+00,-5.11055916e+02,0
9.12653665e+00,-4.04901588e+02,0
-7.27479148e+01,-4.02819484e+02,1
-8.39086688e+01,-4.93844995e+02,1
-8.81352738e-01,-5.74297291e+02,0
-7.35828802e+01,-4.44392592e+02,1
8.97894179e-01,-4.76289293e+02,0
-8.90407471e+01,-5.54885576e+02,1
-8.55020918e+01,-6.18504401e+02,1
8.66441428e-01,-4.99576256e+02,0
-7.97166616e+01,-4.34126180e+02,1
-8.04411748e+01,-5.08084571e+02,1
-1.83893467e+00,-5.01756794e+02,0
-7.41430493e+01,-4.45427201e+02,1
-8.07729602e+01,-4.94892033e+02,1
-2.11236195e+00,-5.03640394e+02,0
3.07420827e+00,-5.12877029e+02,0
3.46719412e+00,-4.76251014e+02,0
3.45606980e+00,-4.30671585e+02,0
-1.08403699e+00,-4.44458877e+02,0
-7.50488211e+01,-4.74999494e+02,1
8.36763100e-01,-5.48446600e+02,0
-1.73404701e+00,-4.82024656e+02,0
1.15688830e+01,-4.02897990e+02,0
-7.65081837e+01,-5.66514915e+02,1
1.34500957e+00,-5.35637012e+02,0
-1.08686823e+01,-6.15877302e+02,0
-1.32498757e+01,-5.61689317e+02,0
4.72594961e+00,-5.52517558e+02,0
-4.48825438e+00,-5.39326646e+02,0
-7.77880181e+01,-5.46329041e+02,1
-7.38896314e+01,-4.42585586e+02,1
-8.10714254e+01,-5.28508317e+02,1
-8.81795065e+01,-6.00424029e+02,1
-7.64253257e+01,-3.99240098e+02,1
1.56511578e+00,-5.25701836e+02,0
3.98157187e+00,-4.41952229e+02,0
-8.04277827e+01,-3.80659217e+02,1
7.32763824e+00,-4.92225122e+02,0
-7.78934694e+01,-5.57224310e+02,1
-3.52995629e+00,-4.64200730e+02,0
1.73546223e+00,-4.26476042e+02,0
-5.42889079e+00,-5.72014760e+02,0
-1.22394981e+01,-5.08701325e+02,0
-8.55228214e+01,-7.12426623e+02,1
4.61814146e+00,-4.57799169e+02,0
-6.99771147e+01,-4.13497289e+02,1
-8.05156760e+01,-6.02867858e+02,1
1.17185749e+01,-4.05407091e+02,0
-7.86575779e+01,-5.42262893e+02,1
-8.55654653e+01,-6.58170527e+02,1
-7.56863690e+01,-4.16069526e+02,1
-7.87814363e+01,-4.79834283e+02,1
8.64772120e+00,-4.82672304e+02,0
9.04120834e+00,-4.58978199e+02,0
-6.74993363e+01,-3.18640824e+02,1
8.93510409e+00,-3.81470477e+02,0
-8.83473406e+01,-5.87653613e+02,1
-7.06086689e+01,-5.63682346e+02,1
-7.10770422e+01,-4.39612492e+02,1
-6.94901213e+01,-4.71577194e+02,1
-8.04582551e+01,-5.62958797e+02,1
-7.17038776e+01,-3.65300539e+02,1
2.07600293e+00,-5.41874564e+02,0
-7.34243748e+01,-4.02582157e+02,1
6.56523082e+00,-5.15481171e+02,0
2.82483869e+00,-5.39716454e+02,0
-8.96617371e+01,-6.35953255e+02,1
3.88054063e+00,-5.25982857e+02,0
1.40279564e+01,-4.56757265e+02,0
-1.75417528e+01,-5.66411745e+02,0
-9.01304713e+00,-4.66987347e+02,0
-2.52052893e+00,-5.07964577e+02,0
-5.29693986e+00,-5.00483790e+02,0
-1.03177752e+01,-5.90091285e+02,0
7.77722117e+00,-4.01754898e+02,0
-7.45516651e+01,-4.66509810e+02,1
-8.71338902e+01,-5.14675518e+02,1
-8.37420952e+01,-5.63400996e+02,1
-8.21887333e+01,-5.45000181e+02,1
1.34343887e+01,-4.06232994e+02,0
-3.77018561e+00,-4.85102812e+02,0
5.77637474e+00,-4.93083502e+02,0
9.49417962e+00,-4.48383080e+02,0
-8.10724275e+01,-4.89465946e+02,1
-7.37810404e+01,-4.37677081e+02,1
3.17263034e+00,-4.62848310e+02,0
-8.90793209e+01,-5.82691470e+02,1
-8.15230302e+01,-4.92759830e+02,1
1.45359534e+00,-5.16876904e+02,0
-8.09115235e+01,-4.86380797e+02,1
-4.97569826e+00,-5.44072708e+02,0
-8.52621879e+01,-6.19185642e+02,1
-8.02661755e+01,-4.59012203e+02,1
-6.77249120e+00,-5.94841004e+02,0
-6.94956446e+00,-5.29830091e+02,0
4.61489851e+00,-4.84258500e+02,0
-7.30814883e+01,-4.94136223e+02,1
-7.36609234e+00,-5.42800729e+02,0
-7.47528281e+01,-4.78984585e+02,1
8.29242039e+00,-4.45290655e+02,0
-8.54291469e+01,-5.19532159e+02,1
-8.04829600e+01,-4.42824972e+02,1
-7.87808059e+01,-5.48233115e+02,1
1.49674188e+00,-4.92143605e+02,0
-5.69855212e+00,-5.62086178e+02,0
-5.31309213e+00,-5.16216883e+02,0
-7.12759736e+01,-5.20649501e+02,1
2.46700699e+00,-4.92957401e+02,0
-1.15931603e+00,-4.59911866e+02,0
1.15327848e+01,-4.36616083e+02,0
-4.91624848e+00,-5.04597736e+02,0
-8.78147074e+01,-6.33630491e+02,1
-7.14510455e+01,-4.19506361e+02,1
-6.31564508e-02,-4.81671797e+02,0
-7.54480276e+01,-4.65068806e+02,1
5.92913049e+00,-4.26372597e+02,0
-8.24505029e+01,-5.27008831e+02,1
-6.43621214e+01,-2.94830393e+02,1
-3.58975116e+00,-5.88005138e+02,0
-8.12202298e+01,-6.07515106e+02,1
-7.10387186e+00,-6.04931040e+02,0
-7.07320769e+01,-4.49882392e+02,1
-7.73636352e+01,-5.26503830e+02,1
-8.43355973e+01,-5.96542419e+02,1
-8.49317054e+01,-5.88163888e+02,1
-7.94051892e+01,-5.20618038e+02,1
-1.54035328e-01,-5.38321712e+02,0
7.81354473e-01,-5.19126110e+02,0
-8.28824922e+01,-5.43238219e+02,1
-7.37639029e+00,-5.64335084e+02,0
-8.42698181e+01,-6.30426117e+02,1
5.76779136e+00,-4.41457841e+02,0
-7.79054768e+01,-5.74877646e+02,1
-7.18433212e+01,-3.86239955e+02,1
-6.09568270e+01,-2.83313707e+02,1
-8.67608139e+01,-5.19385244e+02,1
-8.01103921e+01,-5.10613132e+02,1
3.57042847e+00,-4.80785364e+02,0
2.44755034e+00,-4.89988926e+02,0
-7.96538302e+01,-4.50081787e+02,1
-1.87380536e+00,-5.16787340e+02,0
-7.96442850e+01,-4.46250194e+02,1
-6.90340480e-01,-5.02294255e+02,0
-8.66949285e+01,-6.36423767e+02,1
-7.67189621e+01,-3.93250303e+02,1
-8.49476188e+00,-5.11280282e+02,0
-8.54541381e+01,-5.70564761e+02,1
-7.07769726e+01,-4.95928899e+02,1
9.19317101e-01,-4.82954946e+02,0
3.84570764e+00,-4.31124487e+02,0
8.35084347e+00,-4.42441959e+02,0
-7.47710910e+01,-4.54876295e+02,1
1.70099103e+01,-4.13788752e+02,0
-9.14782546e+01,-6.70019047e+02,1
-7.77214893e+01,-5.60727207e+02,1
-8.49284546e+01,-5.87900727e+02,1
1.04103357e+00,-4.71111460e+02,0
-3.85793009e+00,-5.43220858e+02,0
-7.33221256e+01,-4.32871288e+02,1
-8.15635063e+00,-5.07384838e+02,0
5.59019573e+00,-4.77433716e+02,0
2.74492400e+00,-5.46471305e+02,0
-7.15787937e+00,-5.52257826e+02,0
-7.95000492e+01,-4.67481605e+02,1
-7.97948322e+01,-5.15376958e+02,1
-6.77450359e+00,-5.39166786e+02,0
-9.03794261e+01,-5.60680851e+02,1
-7.83942367e+01,-4.24985927e+02,1
-8.23064447e+01,-5.05197430e+02,1
-7.88226502e+01,-4.80533948e+02,1
-7.11464186e+01,-4.99983431e+02,1
-7.07409117e+01,-4.13741946e+02,1
3.56728818e+00,-4.96511061e+02,0
-6.94995116e+01,-4.14279268e+02,1
-7.81328030e+01,-5.17246110e+02,1
1.38145794e+01,-4.35603934e+02,0
-6.99128574e+01,-4.73673677e+02,1
-7.25886801e+01,-3.78662639e+02,1
-5.65494505e+00,-5.93554481e+02,0
-4.62859922e-01,-4.95085532e+02,0
-3.21754216e+00,-5.51028915e+02,0
-1.45582596e+00,-5.69935897e+02,0
-7.24800022e+01,-4.57198010e+02,1
-1.33850968e+01,-6.00540430e+02,0
-9.53095431e+01,-7.43604968e+02,1
3.69716519e+00,-5.00340872e+02,0
-8.71820564e+01,-6.73075891e+02,1
6.03995578e+00,-5.86272850e+02,0
2.72142155e+00,-4.62621402e+02,0
-5.87748176e+00,-5.85623603e+02,0
-4.22427980e-01,-4.85878280e+02,0
-8.40016310e+00,-5.72813470e+02,0
1.12521922e+00,-5.74092854e+02,0
-6.84470801e-01,-4.76935802e+02,0
-1.13027061e+01,-5.27683787e+02,0
-7.69544761e+01,-4.94362113e+02,1
3.93396731e-02,-4.50765551e+02,0
5.64242597e+00,-4.93215834e+02,0
-7.71101626e+01,-4.71455400e+02,1
-8.44952549e+01,-5.17248232e+02,1
-8.44253330e+01,-5.90530946e+02,1
-1.32784765e+01,-5.81838838e+02,0
-8.28097010e+01,-5.76357091e+02,1
5.14627173e+00,-4.49125261e+02,0
-7.22436597e+01,-4.93670101e+02,1
4.64333580e+00,-5.44460245e+02,0
5.83332244e+00,-4.74885849e+02,0
-6.47838643e+01,-4.79265682e+02,1
5.40303833e+00,-5.53490455e+02,0
8.56972988e-01,-5.02089221e+02,0
-7.66812566e+01,-5.95748971e+02,1
-7.08469845e+01,-3.71022484e+02,1
-1.47633980e+00,-5.90643218e+02,0
6.79580263e+00,-4.57174823e+02,0
-7.35379183e+01,-4.49639055e+02,1
1.31427319e+01,-4.54167087e+02,0
-6.67290471e+01,-4.73658468e+02,1
-8.14233689e+01,-5.84873948e+02,1
-1.54708177e+00,-4.72081991e+02,0
-7.62220813e+01,-4.77610164e+02,1
-1.35326624e+00,-3.33499153e+02,0
-8.10047497e+01,-4.25075549e+02,1
-7.16018741e+01,-4.43033727e+02,1
-7.10124205e+01,-4.37774549e+02,1
2.82322720e+00,-4.88696957e+02,0
-8.62828293e+01,-4.94756431e+02,1
4.58274216e+00,-4.77432452e+02,0
-7.19826501e+01,-4.67567022e+02,1
-8.82614257e+01,-7.60159331e+02,1
-5.93339693e+01,-2.94175252e+02,1
-7.93354482e+01,-5.29201985e+02,1
-8.71632610e+01,-5.63019187e+02,1
-7.88614504e+01,-6.23726733e+02,1
4.66336408e+00,-5.07867203e+02,0
-7.70730438e+01,-4.64104551e+02,1
-7.67567632e+01,-4.54935242e+02,1
-6.78110096e+01,-5.05924908e+02,1
-9.28058261e+01,-7.95909412e+02,1
1.89901193e+00,-5.05120928e+02,0
-8.87883050e+01,-6.74576231e+02,1
-8.77687410e+01,-5.76517822e+02,1
1.51071304e+00,-4.07325545e+02,0
-7.02568985e+01,-3.08144241e+02,1
-7.42412602e+01,-5.90023463e+02,1
1.04657599e+01,-4.01281663e+02,0
-8.14113017e+01,-4.48555805e+02,1
-8.57541246e+01,-6.25102083e+02,1
-5.42887533e+00,-5.56954533e+02,0
9.79884799e+00,-4.47625829e+02,0
-4.41454716e+00,-5.69763773e+02,0
-9.51347360e-01,-5.04555877e+02,0
1.27305059e+01,-3.85443283e+02,0
-9.37141343e+01,-7.78453808e+02,1
-5.40344796e+00,-5.90226260e+02,0
-2.21165056e+00,-5.10119877e+02,0
-7.46986756e-01,-4.58866062e+02,0
-6.96990438e+01,-3.88271021e+02,1
-9.01385325e+00,-4.77675902e+02,0
4.32804884e+00,-4.41078919e+02,0
-8.17013104e+01,-5.95708061e+02,1
-4.41541555e-01,-5.62489728e+02,0
-6.67952458e+00,-5.14380270e+02,0
-8.65991493e+01,-5.99003559e+02,1
-7.92190035e+01,-4.78032523e+02,1
-6.27970532e-01,-5.06028960e+02,0
-7.54623222e+01,-5.72231096e+02,1
1.38037592e+01,-4.44812429e+02,0
-7.96700127e+00,-5.12817347e+02,0
-7.46268590e+01,-4.34568862e+02,1
-2.87949967e+00,-4.70621854e+02,0
-7.07691400e+01,-4.45433125e+02,1
-8.13462373e+01,-5.73064865e+02,1
-8.33915126e+00,-5.61343632e+02,0
-7.20563605e+01,-3.95437162e+02,1
-6.90068156e+01,-3.04176263e+02,1
-7.90001313e+01,-5.03374826e+02,1
-7.40938194e+01,-4.70580537e+02,1
1.12666082e+01,-4.90281296e+02,0
-7.40256998e+01,-4.50645979e+02,1
-9.94806512e+00,-6.00908699e+02,0
-8.21507252e+01,-5.11378610e+02,1
-7.87555787e+01,-4.60876701e+02,1
-8.38582827e+01,-4.56048383e+02,1
1.26157973e+01,-4.19053539e+02,0
-1.13182474e+01,-5.57643534e+02,0
-7.13663682e+01,-4.26829284e+02,1
-8.60399031e+01,-5.42092992e+02,1
-6.87081937e+01,-3.73014265e+02,1
1.00624688e+01,-4.63281339e+02,0
-7.70778319e+01,-4.59196119e+02,1
-8.34191124e+01,-6.96208599e+02,1
-7.50749329e+01,-4.26650646e+02,1
6.62692558e+00,-4.62780467e+02,0
-8.82708259e+00,-5.84332219e+02,0
-8.44927740e-01,-5.06428669e+02,0
1.03996678e+01,-5.40668359e+02,0
-8.97932840e-01,-5.32902046e+02,0
-8.60275695e+01,-5.93679548e+02,1
2.88912625e+00,-4.59027883e+02,0
-4.79180773e+00,-5.49159222e+02,0
-2.81757441e-01,-5.12253733e+02,0
-8.28533077e+01,-5.50660276e+02,1
-7.96100685e+01,-4.74495373e+02,1
4.17625201e-02,-4.30314198e+02,0
-8.83534624e+01,-6.62219421e+02,1
-8.39807684e+01,-4.73846194e+02,1
-6.64620612e+00,-5.16598115e+02,0
-9.32525713e+01,-7.54935368e+02,1
-3.96190563e+00,-4.62561471e+02,0
9.41303410e+00,-4.30784545e+02,0
-6.50905458e+01,-2.15497405e+02,1
-4.07464122e+00,-5.89387793e+02,0
-2.35667820e+00,-5.48501873e+02,0
-5.90885558e+01,-3.24479883e+02,1
1.45388002e+00,-5.13557397e+02,0
-6.18204124e+01,-2.84761832e+02,1
-4.36333368e+00,-4.50973431e+02,0
-8.52028615e+01,-5.58707974e+02,1
9.78462578e+00,-4.73366111e+02,0
-8.84804685e+01,-5.63103739e+02,1
-6.91953367e+00,-5.39581975e+02,0
-8.44702002e+01,-5.58688030e+02,1
-8.96261483e+00,-5.65030075e+02,0
-7.61478590e+01,-4.36731344e+02,1
-6.76702689e+01,-4.40472635e+02,1
-7.15247899e+01,-3.74696012e+02,1
-8.38693674e+01,-5.50087480e+02,1
-7.98335566e+01,-5.16902067e+02,1
-6.65620069e+01,-2.97107794e+02,1
-7.87905644e+01,-4.12301956e+02,1
-7.70313980e+01,-4.36780414e+02,1
1.18759373e+00,-5.06797806e+02,0
-8.32878655e+01,-5.53117135e+02,1
-7.53245735e+01,-4.94766588e+02,1
-7.87251417e+01,-4.63044415e+02,1
-7.68671356e+01,-4.73981699e+02,1
-7.63569797e+01,-4.94150366e+02,1
-8.47468634e+00,-4.71588372e+02,0
6.57272930e+00,-5.19684342e+02,0
-6.94146225e+01,-3.65086583e+02,1
-7.13279877e+01,-4.53396832e+02,1
-5.65118383e+00,-5.73076962e+02,0
-7.81166640e+01,-5.58179347e+02,1
-6.87516103e+00,-5.98065047e+02,0
-7.29928485e+01,-4.20924366e+02,1
-8.53645392e+01,-6.75763918e+02,1
-8.45125399e+01,-6.17793492e+02,1
-1.93260489e+00,-6.40165818e+02,0
9.81003524e+00,-4.42608222e+02,0
1.25298146e+01,-4.41578353e+02,0
-7.37769592e-01,-4.92976889e+02,0
8.69533331e-01,-4.40964078e+02,0
-7.11581127e+01,-4.51909491e+02,1
6.45949418e-02,-5.10956990e+02,0
-6.98521998e+01,-4.22510329e+02,1
-9.04512273e+01,-6.61829470e+02,1
3.31425215e+00,-5.11060410e+02,0
-1.15981083e+00,-5.14476820e+02,0
-1.09925055e+01,-5.52974718e+02,0
-6.60932100e+01,-3.36130057e+02,1
-3.95276309e+00,-5.79055800e+02,0
7.56884928e+00,-4.93298351e+02,0
-7.59682834e+01,-3.59848456e+02,1
1.03359296e+01,-4.33984980e+02,0
-9.25702167e+01,-6.72667021e+02,1
1.09897283e+00,-4.63446913e+02,0
3.95258982e+00,-4.52412352e+02,0
-9.07155589e+01,-6.46296320e+02,1
1.04199849e+00,-5.33914420e+02,0
-7.57200556e+01,-5.34000864e+02,1
-3.20096347e+00,-5.02692031e+02,0
-7.49635130e+01,-4.70922221e+02,1
-7.45396589e+01,-5.44542075e+02,1
-7.22960558e+01,-3.82388353e+02,1
-7.02731071e+01,-4.08484089e+02,1
5.29862335e+00,-4.99499615e+02,0
-9.19736822e+01,-5.38183847e+02,1
8.99876436e+00,-4.19976816e+02,0
-8.79116117e+01,-5.86830680e+02,1
-9.82860809e+00,-5.56242897e+02,0
-5.47441139e+00,-4.60992746e+02,0
-7.29550060e+01,-4.42883750e+02,1
8.73749875e+00,-4.17528449e+02,0
-1.60813277e+00,-4.78852242e+02,0
1.25506153e+01,-4.48203899e+02,0
-8.37577607e+01,-5.53503661e+02,1
1.45086083e+01,-4.31232980e+02,0
-8.73216008e+01,-6.24809606e+02,1
-1.16717306e+00,-5.35308872e+02,0
-4.05239025e-01,-5.19334564e+02,0
6.46706647e+00,-4.82359310e+02,0
-7.38446525e+01,-5.28288860e+02,1
-8.81835408e+01,-6.39040736e+02,1
-8.56238178e+01,-6.42833025e+02,1
6.74321240e+00,-4.55140676e+02,0
-7.80467042e+01,-5.32677782e+02,1
3.69956285e+00,-4.34282594e+02,0
8.76055429e-01,-4.98007365e+02,0
-6.94248737e+01,-4.59575204e+02,1
-7.85728812e+01,-5.32071465e+02,1
-3.90626592e+00,-6.22558368e+02,0
5.03636751e+00,-4.67555825e+02,0
-9.17409389e+01,-6.30523043e+02,1
-7.77434228e+01,-4.46123745e+02,1
1.21682508e+00,-5.27225904e+02,0
-7.66379657e+01,-4.98900610e+02,1
2.75534864e+00,-4.85165133e+02,0
-1.92736197e+00,-5.59149026e+02,0
-3.43799899e+00,-4.85897485e+02,0
-7.36489171e+01,-4.80299570e+02,1
-7.71770538e+01,-5.00906571e+02,1
4.86378230e+00,-4.64465965e+02,0
-8.48923498e+01,-6.07253875e+02,1
-8.37529611e+01,-5.52409725e+02,1
-1.06602772e+00,-6.27019878e+02,0
1.10857415e+01,-4.60449930e+02,0
-8.02088399e+01,-6.59467020e+02,1
-6.88771717e+01,-3.88767193e+02,1
-7.50525014e+01,-3.67743401e+02,1
1.03546936e+01,-4.69556276e+02,0
-7.05601174e+01,-3.34460561e+02,1
-9.15138221e+01,-5.46406349e+02,1
-7.11859038e+01,-4.58039801e+02,1
-7.53257130e+01,-4.85343078e+02,1
-7.33766918e+01,-4.38188520e+02,1
-7.61936401e+01,-4.40062430e+02,1
-7.55124410e+01,-4.67563771e+02,1
-8.26858058e+01,-6.03727187e+02,1
3.24875388e+00,-5.35726477e+02,0
-8.62125910e+01,-6.02199925e+02,1
-7.71237882e+01,-4.77856929e+02,1
-7.79521348e+01,-5.05806122e+02,1
-8.24892405e+01,-5.57439561e+02,1
-8.20432410e+01,-6.47345186e+02,1
2.44617884e+00,-5.09429278e+02,0
-7.67008279e+01,-5.51485451e+02,1
-8.09661023e+01,-4.13699478e+02,1
-7.19657472e+01,-3.51566337e+02,1
-7.68366629e+01,-4.29003259e+02,1
-1.25128398e+01,-5.29205452e+02,0
-4.60120226e+00,-5.81664102e+02,0
9.22755089e+00,-4.44208552e+02,0
5.08997840e+00,-4.31543565e+02,0
-8.28774038e+01,-5.70518426e+02,1
-2.57481728e+00,-5.32988067e+02,0
2.52985338e+00,-5.17976035e+02,0
-3.12312216e+00,-4.67073548e+02,0
-4.42959999e-01,-4.79951765e+02,0
-6.97373894e+00,-5.88055006e+02,0
-5.42827276e+00,-5.27448969e+02,0
2.69153798e+00,-4.76452653e+02,0
-1.63772074e+00,-5.27302849e+02,0
-9.29251294e+00,-5.01456452e+02,0
-7.74650376e+01,-5.33746965e+02,1
-8.74063825e-01,-4.96933604e+02,0
-8.05857678e+01,-4.69741376e+02,1
-9.03689935e+01,-6.55861348e+02,1
-8.17223289e+00,-5.82059250e+02,0
4.01148050e+00,-4.98209666e+02,0
-8.18392042e+01,-5.13898849e+02,1
-1.24003090e+01,-6.44676139e+02,0
-8.30845027e+01,-5.36969096e+02,1
-8.51673186e+01,-6.49764459e+02,1
-6.57277895e+01,-3.60583843e+02,1
-1.77534354e+01,-6.69309441e+02,0
-7.10281871e+01,-3.42587708e+02,1
-8.63482533e+01,-5.69108406e+02,1
-2.56246978e+00,-5.11063207e+02,0
3.25759179e-01,-5.49074447e+02,0
-7.55409548e+01,-4.29598674e+02,1
-8.78811948e+01,-5.83002325e+02,1
-8.23891380e+01,-4.77456160e+02,1
-7.58179895e+01,-3.77233522e+02,1
-1.34024158e+01,-6.00601677e+02,0
-1.70747851e+01,-5.84554124e+02,0
-7.62861977e+01,-6.08189308e+02,1
-6.81317583e+01,-3.52606734e+02,1
-6.86441160e+01,-3.40522968e+02,1
-2.39491595e+00,-4.44779955e+02,0
-7.23024282e+01,-4.95781233e+02,1
8.34228065e+00,-4.40315293e+02,0
-1.57528282e+00,-5.08948033e+02,0
1.61030422e+01,-4.50851633e+02,0
-7.55755617e+01,-5.36867187e+02,1
5.12073695e+00,-4.33592834e+02,0
-6.02244079e+01,-2.67555570e+02,1
-8.61263129e+01,-5.87325171e+02,1
7.02209526e+00,-4.43983166e+02,0
-8.99257546e+01,-6.82767660e+02,1
-8.23741759e+01,-6.26373114e+02,1
4.08081185e+00,-5.69508002e+02,0
-8.19193521e+01,-5.83238782e+02,1
9.02454434e+00,-4.57417804e+02,0
-7.23068236e+01,-3.43136724e+02,1
-8.16262941e+01,-5.36152796e+02,1
-7.33886187e+01,-4.17555648e+02,1
-7.61583933e+01,-4.67783106e+02,1
-4.20420759e-01,-4.69785293e+02,0
1.31677047e+00,-5.60622941e+02,0
4.31155077e+00,-4.27238390e+02,0
-7.95135482e+01,-4.50372474e+02,1
-5.12150453e-01,-4.51458249e+02,0
-7.81374953e+00,-5.34795079e+02,0
-7.81293753e+01,-4.07791065e+02,1
-3.67719357e+00,-5.49720353e+02,0
-1.22012104e+00,-5.26762196e+02,0
2.93053421e+00,-4.64210340e+02,0
-7.91747321e+01,-5.18277155e+02,1
9.14563887e+00,-4.09221716e+02,0
-7.15956934e+01,-4.53522681e+02,1
-7.69907677e+01,-5.13096636e+02,1
-8.06678379e+01,-3.99755641e+02,1
-6.96476696e+01,-4.87940629e+02,1
3.74245900e-02,-5.41796268e+02,0
-6.46909629e+01,-3.25563803e+02,1
-1.35987526e+00,-5.25637881e+02,0
-4.01248423e+00,-5.56681930e+02,0
-6.97340511e+01,-4.62181859e+02,1
-2.63492884e+00,-4.95283308e+02,0
8.13682392e+00,-4.61415406e+02,0
6.53506242e-01,-4.95703242e+02,0
3.94452288e+00,-4.62638685e+02,0
-1.35569760e+00,-5.44108338e+02,0
4.62353919e+00,-4.75891290e+02,0
-1.72798343e+00,-5.67752679e+02,0
-6.65138165e+01,-3.99810575e+02,1
-5.22719875e+00,-5.65109236e+02,0
-8.12515827e+01,-4.87524000e+02,1
4.21312888e-01,-4.71086860e+02,0
5.12922656e+00,-4.09360433e+02,0
4.74605085e+00,-4.27008746e+02,0
-8.09322505e+01,-5.12065507e+02,1
-6.85709119e+01,-3.55760845e+02,1
2.53608369e-01,-4.66994309e+02,0
-8.16673209e+01,-5.33623844e+02,1
-7.57490933e+01,-3.84789880e+02,1
1.06398868e+00,-4.65055391e+02,0
6.33040726e+00,-4.54226774e+02,0
-7.08971714e+01,-3.96185856e+02,1
1.09220775e+00,-5.20688905e+02,0
-7.72365706e+01,-5.56410830e+02,1
-6.84218579e+00,-6.46699085e+02,0
5.20112275e+00,-4.16581839e+02,0
4.22445553e+00,-4.55028527e+02,0
-7.65032998e+01,-4.81097184e+02,1
1.68013623e+00,-4.77587790e+02,0
-7.82648809e+01,-5.31280318e+02,1
-2.09662052e+00,-5.66742022e+02,0
-8.65498360e+01,-6.35979649e+02,1
-3.62297100e+00,-5.20582471e+02,0
-7.64361205e+01,-5.07338625e+02,1
-6.36029005e+00,-5.97137008e+02,0
-7.87250811e+01,-4.33985846e+02,1
-8.09390111e+01,-5.13053116e+02,1
-7.96359658e+01,-5.71828245e+02,1
1.19165910e+00,-4.02874735e+02,0
-5.51539525e-01,-5.43432286e+02,0
-9.24892412e+00,-5.82918407e+02,0
-7.88888074e+01,-4.86158112e+02,1
-7.80602470e+01,-5.25172536e+02,1
-7.85133910e+01,-4.97925697e+02,1
-8.73078984e+00,-5.54355755e+02,0
-6.03390987e+01,-2.53707396e+02,1
1.88708802e+00,-5.14743752e+02,0
-7.49758615e+01,-4.29919079e+02,1
4.04103077e+00,-5.00643932e+02,0
-8.08073707e+01,-5.50242566e+02,1
4.62618587e+00,-5.15385027e+02,0
8.22497700e+00,-4.74210019e+02,0
1.06164512e+01,-4.64085948e+02,0
-8.48982452e+01,-6.06031309e+02,1
7.79583772e+00,-4.82594016e+02,0
4.95000113e+00,-4.42912771e+02,0
-8.68763590e+01,-4.77580927e+02,1
-4.28458717e+00,-4.46482704e+02,0
-7.41980384e+01,-4.17733843e+02,1
-1.59628862e+00,-4.49361071e+02,0
-7.33673358e+01,-5.47366822e+02,1
-7.67006578e+01,-5.65107949e+02,1
-7.30503555e+01,-5.35337428e+02,1
-5.03381884e+00,-5.40154080e+02,0
9.02940682e+00,-4.53269653e+02,0
-8.32838372e+01,-5.39038531e+02,1
-1.07826816e+01,-4.72944864e+02,0
-8.29399805e+01,-4.65171789e+02,1
-7.27284435e+01,-4.00268442e+02,1
5.69955380e-01,-4.55340851e+02,0
4.09458158e-01,-5.01327270e+02,0
3.58280132e+00,-5.13345949e+02,0
-7.87187239e+01,-5.49545842e+02,1
-6.99200261e+01,-4.04111042e+02,1
5.15333765e+00,-4.18438802e+02,0
4.72013838e+00,-4.23004890e+02,0
-8.62608201e+01,-5.98138604e+02,1
-7.46981369e+01,-5.55106173e+02,1
-7.10186845e+01,-3.48735354e+02,1
-8.09554423e+01,-5.87881347e+02,1
-5.15909194e-01,-5.19553509e+02,0
-5.36091129e+00,-6.02268823e+02,0
4.91627509e+00,-4.81848968e+02,0
-7.50968605e+01,-4.16314534e+02,1
-8.18371397e+01,-4.52888308e+02,1
-7.20758728e+01,-4.48041660e+02,1
2.57533601e+00,-5.13278815e+02,0
4.27324472e+00,-4.81507021e+02,0
1.79221896e+00,-4.16322525e+02,0
-8.70225693e+01,-5.93164160e+02,1
7.03982325e+00,-4.30261490e+02,0
-7.50681394e+01,-5.39391501e+02,1
-1.96438130e-01,-4.92274090e+02,0
-1.14367427e+01,-4.97970734e+02,0
-3.85227754e+00,-4.85145301e+02,0
1.16046576e+01,-4.69852676e+02,0
4.98145231e+00,-4.91642861e+02,0
-7.34242318e+01,-5.21997601e+02,1
-7.74341280e+01,-5.56030906e+02,1
-7.01212915e+01,-3.87950576e+02,1
-8.12793025e+01,-5.25137583e+02,1
-5.63550815e+00,-5.61114891e+02,0
-8.60782037e+01,-5.58795205e+02,1
-7.56106602e+01,-5.21735568e+02,1
1.67301428e+00,-5.14784110e+02,0
1.52551098e+00,-4.72045312e+02,0
-7.56853038e+01,-6.09278378e+02,1
-7.09009544e+01,-2.91440963e+02,1
-8.59215475e+01,-5.54030802e+02,1
2.04758152e+00,-5.14548720e+02,0
-8.26990669e+01,-5.56782891e+02,1
-7.91362398e+01,-4.92803491e+02,1
-1.00950386e+02,-7.64203627e+02,1
-7.24512711e+01,-4.28815537e+02,1
-7.54775557e+00,-5.51033188e+02,0
5.01534544e+00,-4.41249826e+02,0
-9.23057365e+01,-6.79893878e+02,1
-6.83022936e+01,-3.88490007e+02,1
-7.50757744e+01,-4.83177882e+02,1
-4.79294108e+00,-4.76094855e+02,0
-7.77766017e+01,-5.30754548e+02,1
1.49577431e+01,-3.60463291e+02,0
-8.03847148e+01,-4.70012934e+02,1
-8.15389347e+01,-6.41234632e+02,1
-7.93830813e+01,-5.47591364e+02,1
-5.55144989e+00,-6.01317660e+02,0
2.51097375e-01,-4.88811417e+02,0
-7.27333024e+01,-5.21555974e+02,1
-8.30176590e+01,-6.06061602e+02,1
-8.34718497e+01,-5.37698315e+02,1
-7.56489393e+01,-5.58566370e+02,1
2.95807187e-01,-4.84761049e+02,0
-7.64631899e+01,-4.44714867e+02,1
1.27865838e+00,-4.94905960e+02,0
-7.87167390e+00,-5.10167868e+02,0
-3.75125426e+00,-4.24277571e+02,0
-8.01922898e+01,-5.52830119e+02,1
-7.90966075e+01,-6.16518709e+02,1
-7.14057221e+01,-4.39301980e+02,1
-8.72716869e+01,-5.65278061e+02,1
-7.36010628e+01,-4.20243157e+02,1
-3.16834620e-01,-4.60644870e+02,0
-7.15874597e+01,-5.07422903e+02,1
-1.84575466e+00,-5.58152459e+02,0
-8.12375278e+01,-5.68120891e+02,1
-9.29392999e+01,-6.39579256e+02,1
-7.40970972e+01,-4.30449393e+02,1
-7.53414235e+01,-4.10381161e+02,1
-8.41620127e+01,-5.17945035e+02,1
-7.15295952e+01,-4.77949417e+02,1
5.80506404e+00,-4.08526733e+02,0
-8.10761381e+01,-5.64195411e+02,1
-2.39974200e+00,-4.74921621e+02,0
-8.27631496e+01,-5.22321203e+02,1
-7.68830237e+01,-4.82394369e+02,1
-8.35264396e+01,-5.11020482e+02,1
6.00124293e+00,-4.19076477e+02,0
-3.50042427e+00,-4.99094068e+02,0
1.05787021e+01,-4.31062463e+02,0
-8.82949331e+01,-6.12726758e+02,1
-7.79723772e+01,-5.30221537e+02,1
-7.25597959e+01,-3.75491173e+02,1
9.12665198e+00,-4.42986406e+02,0
-8.60847300e+01,-6.53751842e+02,1
5.83392811e+00,-4.20763548e+02,0
-7.85622551e+00,-5.43205439e+02,0
-3.85783354e-03,-4.76032896e+02,0
1.40285102e+01,-3.68355898e+02,0
-8.00494508e+01,-5.67268354e+02,1
-1.15491991e+01,-6.34239801e+02,0
-7.76125884e+01,-5.33667620e+02,1
1.95465595e+00,-5.60576356e+02,0
-4.61908223e+00,-6.09440766e+02,0
-7.93247876e+01,-5.69221354e+02,1
-7.97324277e+01,-5.56208736e+02,1
-4.02816942e+00,-4.75383207e+02,0
-5.71151366e+00,-5.57346199e+02,0
-7.73449946e+01,-5.29161353e+02,1
-1.18588485e+01,-6.17935385e+02,0
-7.88576344e+00,-5.05987323e+02,0
5.86192271e+00,-4.39885626e+02,0
-3.71964211e-02,-5.11268614e+02,0
-7.43417633e+01,-3.71792558e+02,1
8.89085174e+00,-4.30846260e+02,0
-4.52050557e+00,-5.79604990e+02,0
-3.65188540e+00,-5.45832617e+02,0
-8.20788935e+01,-4.95311356e+02,1
-2.85860346e-01,-4.87151707e+02,0
4.50286308e+00,-4.73889098e+02,0
